,category,sales,profit,sales_%,profit_%,profit_margin
0,Furniture,741718.4233,18463.3316,32.29187731995612,6.446489604228871,0.024892642571630187
1,Office Supplies,719047.032,122490.8008,31.30484266700102,42.767778377054626,0.1703515839002865
2,Technology,836154.033,145454.9481,36.403280013042846,50.78573201871649,0.17395712076891937
